MY,Item,Name,Form,ws,size,color,drive unit,Family, EVP,Stock qty,Order
2022,2895894,eWME 4.9,Herren,29,S,turquoise fade / red,Shimano EP8,eWME,"  4.499,95 € ",>10,
2022,2895902,eWME 4.9,Herren,29,M,turquoise fade / red,Shimano EP8,eWME,"  4.499,95 € ",>10,
2022,2892974,Cairon C 2.0 500,Trapez,27,XS,black metallic / mint,BES 2 CX ,CAIRON C,"  2.899,95 € ",5,
2022,2894848,Cairon S 5.0 ,Trapez,29,M,black metallic / red metallic matt,BES 3 CX Smart Sys.,CAIRON S,"  3.649,95 € ",10,
2022,2894855,Cairon S 5.0 ,Trapez,29,L,black metallic / red metallic matt,BES 3 CX Smart Sys.,CAIRON S,"  3.649,95 € ",>10,
2022,2894863,Cairon S 5.0 ,Trapez,29,XL,black metallic / red metallic matt,BES 3 CX Smart Sys.,CAIRON S,"  3.649,95 € ",>10,
2022,2894871,Cairon S 5.0 ,Herren,29,S,darkblue metallic / lightblue,BES 3 CX Smart Sys.,CAIRON S,"  3.649,95 € ",>10,
2022,2894921,Cairon S 5.0 ,Trapez,29,S,darkblue metallic / lightblue,BES 3 CX Smart Sys.,CAIRON S,"  3.649,95 € ",6,
2022,2894939,Cairon S 5.0 ,Trapez,29,M,darkblue metallic / lightblue,BES 3 CX Smart Sys.,CAIRON S,"  3.649,95 € ",>10,
2022,2894947,Cairon S 5.0 ,Trapez,29,L,darkblue metallic / lightblue,BES 3 CX Smart Sys.,CAIRON S,"  3.649,95 € ",>10,
2022,2894954,Cairon S 5.0 ,Trapez,29,XL,darkblue metallic / lightblue,BES 3 CX Smart Sys.,CAIRON S,"  3.649,95 € ",>10,
2022,2894962,Cairon S 6.0,Herren,29,S,red metallic / shadowgrey metallic,BES 3 CX Smart Sys.,CAIRON S,"  3.999,95 € ",5,
2022,2895027,Cairon S 6.0,Trapez,29,M,red metallic / shadowgrey metallic,BES 3 CX Smart Sys.,CAIRON S,"  3.999,95 € ",4,
2022,2895134,Cairon S 8.0,Trapez,29,XL,black metallic / gold matt,BES 3 CX Smart Sys.,CAIRON S,"  4.199,95 € ",8,
2022,2893915,Cairon SUV 7.0,Wave,27,XL,black metallic / gold matt,BES 3 CX Smart Sys.,CAIRON SUV,"  4.599,95 € ",10,
2022,2896173,Cairon T 2.0 500,Trapez,28,S,graphitegreymetallic / shadowgrey,BES 2 Perf. 65nM,CAIRON T / TR / TF,"  2.849,95 € ",1,
2022,2896306,Cairon T 2.0 625,Herren,28,M,graphitegreymetallic / shadowgrey,BES 2 Perf. 65nM,CAIRON T / TR / TF,"  3.049,95 € ",>10,
2022,2896314,Cairon T 2.0 625,Herren,28,L,graphitegreymetallic / shadowgrey,BES 2 Perf. 65nM,CAIRON T / TR / TF,"  3.049,95 € ",>10,
2022,2896322,Cairon T 2.0 625,Herren,28,XL,graphitegreymetallic / shadowgrey,BES 2 Perf. 65nM,CAIRON T / TR / TF,"  3.049,95 € ",>10,
2022,2896330,Cairon T 2.0 625,Trapez,28,S,graphitegreymetallic / shadowgrey,BES 2 Perf. 65nM,CAIRON T / TR / TF,"  3.049,95 € ",10,
2022,2898013,Cairon T 2.0 625,Herren,28,S,red metallic / black metallic,BES 2 Perf. 65nM,CAIRON T / TR / TF,"  3.049,95 € ",>10,
2022,2898021,Cairon T 2.0 625,Herren,28,M,red metallic / black metallic,BES 2 Perf. 65nM,CAIRON T / TR / TF,"  3.049,95 € ",>10,
2022,2898039,Cairon T 2.0 625,Herren,28,L,red metallic / black metallic,BES 2 Perf. 65nM,CAIRON T / TR / TF,"  3.049,95 € ",>10,
2022,2898047,Cairon T 2.0 625,Herren,28,XL,red metallic / black metallic,BES 2 Perf. 65nM,CAIRON T / TR / TF,"  3.049,95 € ",>10,
2022,2898054,Cairon T 2.0 625,Trapez,28,S,red metallic / black metallic,BES 2 Perf. 65nM,CAIRON T / TR / TF,"  3.049,95 € ",8,
2022,2898062,Cairon T 2.0 625,Trapez,28,M,red metallic / black metallic,BES 2 Perf. 65nM,CAIRON T / TR / TF,"  3.049,95 € ",>10,
2022,2898070,Cairon T 2.0 625,Trapez,28,L,red metallic / black metallic,BES 2 Perf. 65nM,CAIRON T / TR / TF,"  3.049,95 € ",>10,
2022,2898088,Cairon T 2.0 625,Trapez,28,XL,red metallic / black metallic,BES 2 Perf. 65nM,CAIRON T / TR / TF,"  3.049,95 € ",>10,
2022,2897015,Cairon T 5.0,Herren,28,S,red metallic / black metallic,BES 3 CX Smart Sys.,CAIRON T / TR / TF,"  3.899,95 € ",5,
2022,2896256,Cairon TF 2.7 500,Wave,28,S,graphitegreymetallic / shadowgrey,BES 2 Active Plus,CAIRON T / TR / TF,"  2.849,95 € ",>10,
2022,2896413,Cairon TF 2.7 625,Wave,28,S,graphitegreymetallic / shadowgrey,BES 2 Active Plus,CAIRON T / TR / TF,"  3.049,95 € ",>10,
2022,2898138,Cairon TF 2.7 625,Wave,28,S,red metallic / black metallic,BES 2 Active Plus,CAIRON T / TR / TF,"  3.049,95 € ",9,
2022,2896611,Cairon TF 3.8,Wave,28,S,darkblue metallic matt / platin matt,BES 2 Active Plus,CAIRON T / TR / TF,"  3.399,95 € ",>10,
2022,2896850,Cairon TF 3.8,Wave,28,S,pearl white / black metallic,BES 2 Active Plus,CAIRON T / TR / TF,"  3.399,95 € ",9,
2022,2896652,Cairon TR 3.8,Wave,28,S,darkblue metallic matt / platin matt,BES 2 Active Plus,CAIRON T / TR / TF,"  3.399,95 € ",4,
2022,2896892,Cairon TR 3.8,Wave,28,S,pearl white / black metallic,BES 2 Active Plus,CAIRON T / TR / TF,"  3.399,95 € ",3,
2022,2895977,eWME 5.9 MX,Herren,29,S,tuquoise metallic / darkpetrol metallic,Shimano EP8,eWME,"  4.799,95 € ",4,
2022,2891919,ML 5.7,Damen,27,M,black metallic / turquoise metallic,,MS/MC/ML/MCL,"  729,95 € ",>10,
2022,2890895,MS 3.7,Herren,27,L,acid metallic / darkblue metallic,,MS/MC/ML/MCL,"  599,95 € ",>10,
2022,2891356,MS 3.9,Herren,29,XL,acid metallic / darkblue metallic,,MS/MC/ML/MCL,"  599,95 € ",>10,
2022,2890978,MS 4.7,Herren,27,L,lightgrey matt / acid metallic,,MS/MC/ML/MCL,"  649,95 € ",>10,
2022,2891000,MS 4.7,Herren,27,M,red metallic / black metallic,,MS/MC/ML/MCL,"  649,95 € ",>10,
2022,2891414,MS 4.9,Herren,29,M,lightgrey matt / acid metallic,,MS/MC/ML/MCL,"  649,95 € ",>10,
2022,2891422,MS 4.9,Herren,29,L,lightgrey matt / acid metallic,,MS/MC/ML/MCL,"  649,95 € ",>10,
2022,2891430,MS 4.9,Herren,29,XL,lightgrey matt / acid metallic,,MS/MC/ML/MCL,"  649,95 € ",>10,
2022,2891448,MS 4.9,Herren,29,S,red metallic / black metallic,,MS/MC/ML/MCL,"  649,95 € ",1,
2022,2891471,MS 4.9,Herren,29,XL,red metallic / black metallic,,MS/MC/ML/MCL,"  649,95 € ",>10,
2022,2891042,MS 5.7,Herren,27,L,darkblue metallic / acid metallic,,MS/MC/ML/MCL,"  729,95 € ",10,
2022,2891067,MS 5.7,Herren,27,M,black metallic / silver matt,,MS/MC/ML/MCL,"  729,95 € ",2,
2022,2891075,MS 5.7,Herren,27,L,black metallic / silver matt,,MS/MC/ML/MCL,"  729,95 € ",5,
2022,2891513,MS 5.9,Herren,29,XL,darkblue metallic / acid metallic,,MS/MC/ML/MCL,"  729,95 € ",>10,
2022,2891539,MS 5.9,Herren,29,M,black metallic / silver matt,,MS/MC/ML/MCL,"  729,95 € ",3,
2022,2891570,MS 6.9,Herren,29,M,turquoise metallic / darkpetrol metallic,,MS/MC/ML/MCL,"  899,95 € ",5,
2022,2891588,MS 6.9,Herren,29,L,turquoise metallic / darkpetrol metallic,,MS/MC/ML/MCL,"  899,95 € ",>10,
2022,2891596,MS 6.9,Herren,29,XL,turquoise metallic / darkpetrol metallic,,MS/MC/ML/MCL,"  899,95 € ",>10,
2022,2891612,MS 6.9,Herren,29,M,black metallic / red metallic matt,,MS/MC/ML/MCL,"  899,95 € ",>10,
2022,2891620,MS 6.9,Herren,29,L,black metallic / red metallic matt,,MS/MC/ML/MCL,"  899,95 € ",>10,
2022,2891638,MS 6.9,Herren,29,XL,black metallic / red metallic matt,,MS/MC/ML/MCL,"  899,95 € ",>10,
2022,2891729,MS 9.9,Herren,29,S,black metallic / gold matt,,MS/MC/ML/MCL,"  1.149,95 € ",4,
2022,2891760,MS 9.9,Herren,29,S,darkpetrol metallic / red,,MS/MC/ML/MCL,"  1.149,95 € ",>10,
2022,2892297,RLC FS 6.9,Herren,29,S ,turquoise fade / red,,RLC/RLC FS,"  3.499,95 € ",5,
2022,2892339,RLC FS 6.9,Herren,29,S ,black metallic / silver matt,,RLC/RLC FS,"  3.499,95 € ",2,
2022,2892370,RLC FS 7.9,Herren,29,S ,red metallic / pearlwhite,,RLC/RLC FS,"  4.299,95 € ",10,
2022,2897221,TS 3.0,Trapez,28,S,light grey matt / moos metallic,,TS,"  679,95 € ",>10,
2022,2897239,TS 3.0,Trapez,28,M,light grey matt / moos metallic,,TS,"  679,95 € ",>10,
2022,2892610,WME 5.9,Herren,29,S ,graphite fade / acid metallic,,WME,"  3.499,95 € ",10,
2022,2892628,WME 5.9,Herren,29,M,graphite fade / acid metallic,,WME,"  3.499,95 € ",>10,
2022,2892636,WME 5.9,Herren,29,L,graphite fade / acid metallic,,WME,"  3.499,95 € ",>10,
2022,2892651,WME 5.9,Herren,29,S ,turquoise fade / red,,WME,"  3.499,95 € ",5,
2022,2892669,WME 5.9,Herren,29,M,turquoise fade / red,,WME,"  3.499,95 € ",>10,
2022,2892677,WME 5.9,Herren,29,L,turquoise fade / red,,WME,"  3.499,95 € ",>10,
2022,2895803,Xyron S 9.9 Carbon,Herren,29,S,black carbon,BES 3 CX Smart Sys.,XYRON S,"  8.999,95 € ",4,
2023,2823029,Cairon C 2.0 500,Herren,27,S,darkpetrol metallic / red,BES 3 CX Smart Sys.,CAIRON C,"  3.299,95 € ",>10,
2023,2823037,Cairon C 2.0 500,Herren,29,M,darkpetrol metallic / red,BES 3 CX Smart Sys.,CAIRON C,"  3.299,95 € ",5,
2023,2823045,Cairon C 2.0 500,Herren,29,L,darkpetrol metallic / red,BES 3 CX Smart Sys.,CAIRON C,"  3.299,95 € ",>10,
2023,2823052,Cairon C 2.0 500,Herren,29,XL,darkpetrol metallic / red,BES 3 CX Smart Sys.,CAIRON C,"  3.299,95 € ",1,
2023,2823086,Cairon C 2.0 500,Trapez,27,S,darkpetrol metallic / red,BES 3 CX Smart Sys.,CAIRON C,"  3.299,95 € ",>10,
2023,2823094,Cairon C 2.0 500,Trapez,29,M,darkpetrol metallic / red,BES 3 CX Smart Sys.,CAIRON C,"  3.299,95 € ",>10,
2023,2823102,Cairon C 2.0 500,Trapez,29,L,darkpetrol metallic / red,BES 3 CX Smart Sys.,CAIRON C,"  3.299,95 € ",>10,
2023,2823144,Cairon C 2.0 500,Trapez,29,XL,darkpetrol metallic / red,BES 3 CX Smart Sys.,CAIRON C,"  3.299,95 € ",>10,
2023,2823177,Cairon C 2.0 500,Herren,27,S,black metallic matt / turquoise metallic,BES 3 CX Smart Sys.,CAIRON C,"  3.299,95 € ",6,
2023,2823201,Cairon C 2.0 500,Herren,29,XL,black metallic matt / turquoise metallic,BES 3 CX Smart Sys.,CAIRON C,"  3.299,95 € ",1,
2023,2823300,Cairon C 2.0 500,Trapez,29,L,black metallic matt / turquoise metallic,BES 3 CX Smart Sys.,CAIRON C,"  3.299,95 € ",10,
2023,2823342,Cairon C 2.0 500,Trapez,29,XL,black metallic matt / turquoise metallic,BES 3 CX Smart Sys.,CAIRON C,"  3.299,95 € ",6,
2023,2819498,Cairon C 2.0 625,Herren,27,S,black metallic matt / turquoise metallic,BES 3 CX Smart Sys.,CAIRON C,"  3.499,95 € ",9,
2023,2819548,Cairon C 2.0 625,Herren,29,M,black metallic matt / turquoise metallic,BES 3 CX Smart Sys.,CAIRON C,"  3.499,95 € ",>10,
2023,2819597,Cairon C 2.0 625,Herren,29,L,black metallic matt / turquoise metallic,BES 3 CX Smart Sys.,CAIRON C,"  3.499,95 € ",>10,
2023,2819605,Cairon C 2.0 625,Herren,29,XL,black metallic matt / turquoise metallic,BES 3 CX Smart Sys.,CAIRON C,"  3.499,95 € ",>10,
2023,2819662,Cairon C 2.0 625,Trapez,29,XL,black metallic matt / turquoise metallic,BES 3 CX Smart Sys.,CAIRON C,"  3.499,95 € ",>10,
2023,2823466,Cairon C 2.0 625,Herren,27,S,darkpetrol metallic / red,BES 3 CX Smart Sys.,CAIRON C,"  3.499,95 € ",4,
2023,2823474,Cairon C 2.0 625,Herren,29,M,darkpetrol metallic / red,BES 3 CX Smart Sys.,CAIRON C,"  3.499,95 € ",>10,
2023,2823482,Cairon C 2.0 625,Herren,29,L,darkpetrol metallic / red,BES 3 CX Smart Sys.,CAIRON C,"  3.499,95 € ",>10,
2023,2823490,Cairon C 2.0 625,Herren,29,XL,darkpetrol metallic / red,BES 3 CX Smart Sys.,CAIRON C,"  3.499,95 € ",9,
2023,2823508,Cairon C 2.0 625,Herren,29,XXL,darkpetrol metallic / red,BES 3 CX Smart Sys.,CAIRON C,"  3.499,95 € ",6,
2023,2819761,Cairon C 3.0,Herren,27,S,red metallic / black metallic,BES 3 CX Smart Sys.,CAIRON C,"  3.899,95 € ",10,
2023,2819779,Cairon C 3.0,Herren,29,M,red metallic / black metallic,BES 3 CX Smart Sys.,CAIRON C,"  3.899,95 € ",>10,
2023,2819787,Cairon C 3.0,Herren,29,L,red metallic / black metallic,BES 3 CX Smart Sys.,CAIRON C,"  3.899,95 € ",>10,
2023,2819795,Cairon C 3.0,Herren,29,XL,red metallic / black metallic,BES 3 CX Smart Sys.,CAIRON C,"  3.899,95 € ",>10,
2023,2819803,Cairon C 3.0,Herren,29,XXL,red metallic / black metallic,BES 3 CX Smart Sys.,CAIRON C,"  3.899,95 € ",4,
2023,2819829,Cairon C 3.0,Wave,27,S,red metallic / black metallic,BES 3 CX Smart Sys.,CAIRON C,"  3.899,95 € ",>10,
2023,2819837,Cairon C 3.0,Wave,27,M,red metallic / black metallic,BES 3 CX Smart Sys.,CAIRON C,"  3.899,95 € ",>10,
2023,2819852,Cairon C 3.0,Wave,27,XL,red metallic / black metallic,BES 3 CX Smart Sys.,CAIRON C,"  3.899,95 € ",4,
2023,2823698,Cairon C 3.0,Herren,27,S,black metallic / desert matt,BES 3 CX Smart Sys.,CAIRON C,"  3.899,95 € ",8,
2023,2823706,Cairon C 3.0,Herren,29,M,black metallic / desert matt,BES 3 CX Smart Sys.,CAIRON C,"  3.899,95 € ",>10,
2023,2823755,Cairon C 3.0,Herren,29,XL,black metallic / desert matt,BES 3 CX Smart Sys.,CAIRON C,"  3.899,95 € ",>10,
2023,2823771,Cairon C 3.0,Trapez,27,XS,black metallic / desert matt,BES 3 CX Smart Sys.,CAIRON C,"  3.899,95 € ",>10,
2023,2823789,Cairon C 3.0,Trapez,27,S,black metallic / desert matt,BES 3 CX Smart Sys.,CAIRON C,"  3.899,95 € ",>10,
2023,2823797,Cairon C 3.0,Trapez,29,M,black metallic / desert matt,BES 3 CX Smart Sys.,CAIRON C,"  3.899,95 € ",8,
2023,2823805,Cairon C 3.0,Trapez,29,L,black metallic / desert matt,BES 3 CX Smart Sys.,CAIRON C,"  3.899,95 € ",>10,
2023,2823847,Cairon C 3.0,Trapez,29,XL,black metallic / desert matt,BES 3 CX Smart Sys.,CAIRON C,"  3.899,95 € ",5,
2023,2823870,Cairon C 3.0,Wave,27,M,black metallic / desert matt,BES 3 CX Smart Sys.,CAIRON C,"  3.899,95 € ",>10,
2023,2823888,Cairon C 3.0,Wave,27,L,black metallic / desert matt,BES 3 CX Smart Sys.,CAIRON C,"  3.899,95 € ",3,
2023,2825669,Cairon S 2.0 500,Herren,29,L,black metallic matt / turquoise metallic,BES 3 CX Smart Sys.,CAIRON S,"  3.099,95 € ",>10,
2023,2825677,Cairon S 2.0 500,Herren,29,XL,black metallic matt / turquoise metallic,BES 3 CX Smart Sys.,CAIRON S,"  3.099,95 € ",>10,
2023,2825685,Cairon S 2.0 500,Herren,29,XXL,black metallic matt / turquoise metallic,BES 3 CX Smart Sys.,CAIRON S,"  3.099,95 € ",2,
2023,2825719,Cairon S 2.0 500,Trapez,29,M,topaz metallic / red metallic,BES 3 CX Smart Sys.,CAIRON S,"  3.099,95 € ",7,
2023,2825727,Cairon S 2.0 500,Trapez,29,L,topaz metallic / red metallic,BES 3 CX Smart Sys.,CAIRON S,"  3.099,95 € ",>10,
2023,2825735,Cairon S 2.0 500,Trapez,29,XL,topaz metallic / red metallic,BES 3 CX Smart Sys.,CAIRON S,"  3.099,95 € ",7,
2023,2825750,Cairon S 2.0 500,Herren,29,M,shadowgrey metallic / desert matt,BES 3 CX Smart Sys.,CAIRON S,"  3.099,95 € ",3,
2023,2825768,Cairon S 2.0 500,Herren,29,L,shadowgrey metallic / desert matt,BES 3 CX Smart Sys.,CAIRON S,"  3.099,95 € ",>10,
2023,2825776,Cairon S 2.0 500,Herren,29,XL,shadowgrey metallic / desert matt,BES 3 CX Smart Sys.,CAIRON S,"  3.099,95 € ",>10,
2023,2825784,Cairon S 2.0 500,Herren,29,XXL,shadowgrey metallic / desert matt,BES 3 CX Smart Sys.,CAIRON S,"  3.099,95 € ",4,
2023,2825818,Cairon S 2.0 500,Trapez,29,M,shadowgrey metallic / desert matt,BES 3 CX Smart Sys.,CAIRON S,"  3.099,95 € ",>10,
2023,2825826,Cairon S 2.0 500,Trapez,29,L,shadowgrey metallic / desert matt,BES 3 CX Smart Sys.,CAIRON S,"  3.099,95 € ",>10,
2023,2825834,Cairon S 2.0 500,Trapez,29,XL,shadowgrey metallic / desert matt,BES 3 CX Smart Sys.,CAIRON S,"  3.099,95 € ",>10,
2023,2825925,Cairon S 2.0 625,Trapez,29,L,topaz metallic / red metallic,BES 3 CX Smart Sys.,CAIRON S,"  3.299,95 € ",>10,
2023,2825933,Cairon S 2.0 625,Trapez,29,XL,topaz metallic / red metallic,BES 3 CX Smart Sys.,CAIRON S,"  3.299,95 € ",>10,
2023,2825982,Cairon S 2.0 625,Herren,29,XXL,shadowgrey metallic / desert matt,BES 3 CX Smart Sys.,CAIRON S,"  3.299,95 € ",>10,
2023,2826014,Cairon S 2.0 625,Trapez,29,M,shadowgrey metallic / desert matt,BES 3 CX Smart Sys.,CAIRON S,"  3.299,95 € ",>10,
2023,2826022,Cairon S 2.0 625,Trapez,29,L,shadowgrey metallic / desert matt,BES 3 CX Smart Sys.,CAIRON S,"  3.299,95 € ",>10,
2023,2826030,Cairon S 2.0 625,Trapez,29,XL,shadowgrey metallic / desert matt,BES 3 CX Smart Sys.,CAIRON S,"  3.299,95 € ",>10,
2023,2819910,Cairon S 4.0,Herren,29,S,shadowgrey metallic / red metallic,BES 3 CX Smart Sys.,CAIRON S,"  3.999,95 € ",9,
2023,2819969,Cairon S 4.0,Trapez,29,S,shadowgrey metallic / red metallic,BES 3 CX Smart Sys.,CAIRON S,"  3.999,95 € ",>10,
2023,2819977,Cairon S 4.0,Trapez,29,M,shadowgrey metallic / red metallic,BES 3 CX Smart Sys.,CAIRON S,"  3.999,95 € ",>10,
2023,2819985,Cairon S 4.0,Trapez,29,L,shadowgrey metallic / red metallic,BES 3 CX Smart Sys.,CAIRON S,"  3.999,95 € ",7,
2023,2819993,Cairon S 4.0,Trapez,29,XL,shadowgrey metallic / red metallic,BES 3 CX Smart Sys.,CAIRON S,"  3.999,95 € ",>10,
2023,2826055,Cairon S 4.0,Herren,29,M,blue metallic / orange metallic,BES 3 CX Smart Sys.,CAIRON S,"  3.999,95 € ",>10,
2023,2826063,Cairon S 4.0,Herren,29,L,blue metallic / orange metallic,BES 3 CX Smart Sys.,CAIRON S,"  3.999,95 € ",>10,
2023,2826097,Cairon S 4.0,Trapez,29,S,blue metallic / orange metallic,BES 3 CX Smart Sys.,CAIRON S,"  3.999,95 € ",>10,
2023,2826105,Cairon S 4.0,Trapez,29,M,blue metallic / orange metallic,BES 3 CX Smart Sys.,CAIRON S,"  3.999,95 € ",>10,
2023,2826147,Cairon S 4.0,Trapez,29,L,blue metallic / orange metallic,BES 3 CX Smart Sys.,CAIRON S,"  3.999,95 € ",>10,
2023,2826170,Cairon S 4.0,Trapez,29,XL,blue metallic / orange metallic,BES 3 CX Smart Sys.,CAIRON S,"  3.999,95 € ",>10,
2023,2826386,Cairon S 8.0,Herren,29,M,pearl white /copper metallic,BES 3 CX Smart Sys.,CAIRON S,"  4.699,95 € ",8,
2023,2826451,Cairon S 8.0,Trapez,29,S,pearl white /copper metallic,BES 3 CX Smart Sys.,CAIRON S,"  4.699,95 € ",>10,
2023,2826469,Cairon S 8.0,Trapez,29,M,pearl white /copper metallic,BES 3 CX Smart Sys.,CAIRON S,"  4.699,95 € ",>10,
2023,2826477,Cairon S 8.0,Trapez,29,L,pearl white /copper metallic,BES 3 CX Smart Sys.,CAIRON S,"  4.699,95 € ",>10,
2023,2826485,Cairon S 8.0,Trapez,29,XL,pearl white /copper metallic,BES 3 CX Smart Sys.,CAIRON S,"  4.699,95 € ",>10,
2023,2823904,Cairon SUV 5.0,Herren,29,S,shadowgrey metallic / red metallic,BES 3 CX Smart Sys.,CAIRON SUV,"  4.199,95 € ",>10,
2023,2823946,Cairon SUV 5.0,Herren,29,M,shadowgrey metallic / red metallic,BES 3 CX Smart Sys.,CAIRON SUV,"  4.199,95 € ",>10,
2023,2823953,Cairon SUV 5.0,Herren,29,L,shadowgrey metallic / red metallic,BES 3 CX Smart Sys.,CAIRON SUV,"  4.199,95 € ",>10,
2023,2823995,Cairon SUV 5.0,Herren,29,XL,shadowgrey metallic / red metallic,BES 3 CX Smart Sys.,CAIRON SUV,"  4.199,95 € ",7,
2023,2824043,Cairon SUV 5.0,Trapez,29,S,shadowgrey metallic / red metallic,BES 3 CX Smart Sys.,CAIRON SUV,"  4.199,95 € ",>10,
2023,2824050,Cairon SUV 5.0,Trapez,29,M,shadowgrey metallic / red metallic,BES 3 CX Smart Sys.,CAIRON SUV,"  4.199,95 € ",>10,
2023,2824068,Cairon SUV 5.0,Trapez,29,L,shadowgrey metallic / red metallic,BES 3 CX Smart Sys.,CAIRON SUV,"  4.199,95 € ",>10,
2023,2824076,Cairon SUV 5.0,Trapez,29,XL,shadowgrey metallic / red metallic,BES 3 CX Smart Sys.,CAIRON SUV,"  4.199,95 € ",9,
2023,2824100,Cairon SUV 5.0,Wave,27,L,shadowgrey metallic / red metallic,BES 3 CX Smart Sys.,CAIRON SUV,"  4.199,95 € ",6,
2023,2824142,Cairon SUV 5.0,Wave,27,XL,shadowgrey metallic / red metallic,BES 3 CX Smart Sys.,CAIRON SUV,"  4.199,95 € ",>10,
2023,2824159,Cairon SUV 5.0,Herren,29,S,anthracite matt / black metallic,BES 3 CX Smart Sys.,CAIRON SUV,"  4.199,95 € ",>10,
2023,2824191,Cairon SUV 5.0,Herren,29,M,anthracite matt / black metallic,BES 3 CX Smart Sys.,CAIRON SUV,"  4.199,95 € ",>10,
2023,2825008,Cairon SUV FS 4.7,Wave,27,XL,red metallic / black metallic,BES 3 CX Smart Sys.,CAIRON SUV FS,"  4.699,95 € ",>10,
2023,2828705,Cairon T 2.0 500,Herren,28,S,shadowgrey metallic matt / red metallic,BES 3 Perf. 75 nM Smart Sys.,CAIRON T / TR / TF,"  2.999,95 € ",2,
2023,2828762,Cairon T 2.0 500,Herren,28,M,shadowgrey metallic matt / red metallic,BES 3 Perf. 75 nM Smart Sys.,CAIRON T / TR / TF,"  2.999,95 € ",>10,
2023,2828770,Cairon T 2.0 500,Herren,28,L,shadowgrey metallic matt / red metallic,BES 3 Perf. 75 nM Smart Sys.,CAIRON T / TR / TF,"  2.999,95 € ",5,
2023,2828788,Cairon T 2.0 500,Herren,28,XL,shadowgrey metallic matt / red metallic,BES 3 Perf. 75 nM Smart Sys.,CAIRON T / TR / TF,"  2.999,95 € ",8,
2023,2828804,Cairon T 2.0 500,Trapez,28,XS,shadowgrey metallic matt / red metallic,BES 3 Perf. 75 nM Smart Sys.,CAIRON T / TR / TF,"  2.999,95 € ",10,
2023,2828861,Cairon T 2.0 500,Trapez,28,S,shadowgrey metallic matt / red metallic,BES 3 Perf. 75 nM Smart Sys.,CAIRON T / TR / TF,"  2.999,95 € ",>10,
2023,2828879,Cairon T 2.0 500,Trapez,28,M,shadowgrey metallic matt / red metallic,BES 3 Perf. 75 nM Smart Sys.,CAIRON T / TR / TF,"  2.999,95 € ",>10,
2023,2828887,Cairon T 2.0 500,Trapez,28,L,shadowgrey metallic matt / red metallic,BES 3 Perf. 75 nM Smart Sys.,CAIRON T / TR / TF,"  2.999,95 € ",>10,
2023,2828895,Cairon T 2.0 500,Trapez,28,XL,shadowgrey metallic matt / red metallic,BES 3 Perf. 75 nM Smart Sys.,CAIRON T / TR / TF,"  2.999,95 € ",9,
2023,2828994,Cairon T 2.0 500,Wave,28,XL,shadowgrey metallic matt / red metallic,BES 3 Perf. 75 nM Smart Sys.,CAIRON T / TR / TF,"  2.999,95 € ",>10,
2023,2831196,Cairon T 2.0 500,Herren,28,S,blue metallic / desert matt,BES 3 Perf. 75 nM Smart Sys.,CAIRON T / TR / TF,"  2.999,95 € ",1,
2023,2831204,Cairon T 2.0 500,Herren,28,M,blue metallic / desert matt,BES 3 Perf. 75 nM Smart Sys.,CAIRON T / TR / TF,"  2.999,95 € ",>10,
2023,2831253,Cairon T 2.0 500,Herren,28,L,blue metallic / desert matt,BES 3 Perf. 75 nM Smart Sys.,CAIRON T / TR / TF,"  2.999,95 € ",>10,
2023,2831287,Cairon T 2.0 500,Trapez,28,XS,blue metallic / desert matt,BES 3 Perf. 75 nM Smart Sys.,CAIRON T / TR / TF,"  2.999,95 € ",4,
2023,2831295,Cairon T 2.0 500,Trapez,28,S,blue metallic / desert matt,BES 3 Perf. 75 nM Smart Sys.,CAIRON T / TR / TF,"  2.999,95 € ",5,
2023,2831303,Cairon T 2.0 500,Trapez,28,M,blue metallic / desert matt,BES 3 Perf. 75 nM Smart Sys.,CAIRON T / TR / TF,"  2.999,95 € ",>10,
2023,2831352,Cairon T 2.0 500,Trapez,28,L,blue metallic / desert matt,BES 3 Perf. 75 nM Smart Sys.,CAIRON T / TR / TF,"  2.999,95 € ",8,
2023,2829091,Cairon T 2.0 625,Herren,28,S,shadowgrey metallic matt / red metallic,BES 3 Perf. 75 nM Smart Sys.,CAIRON T / TR / TF,"  3.199,95 € ",8,
2023,2829190,Cairon T 2.0 625,Trapez,28,XS,shadowgrey metallic matt / red metallic,BES 3 Perf. 75 nM Smart Sys.,CAIRON T / TR / TF,"  3.199,95 € ",>10,
2023,2829208,Cairon T 2.0 625,Trapez,28,S,shadowgrey metallic matt / red metallic,BES 3 Perf. 75 nM Smart Sys.,CAIRON T / TR / TF,"  3.199,95 € ",>10,
2023,2829265,Cairon T 2.0 625,Trapez,28,M,shadowgrey metallic matt / red metallic,BES 3 Perf. 75 nM Smart Sys.,CAIRON T / TR / TF,"  3.199,95 € ",>10,
2023,2829273,Cairon T 2.0 625,Trapez,28,L,shadowgrey metallic matt / red metallic,BES 3 Perf. 75 nM Smart Sys.,CAIRON T / TR / TF,"  3.199,95 € ",>10,
2023,2829356,Cairon T 2.0 625,Herren,28,M,blue metallic / desert matt,BES 3 Perf. 75 nM Smart Sys.,CAIRON T / TR / TF,"  3.199,95 € ",>10,
2023,2829364,Cairon T 2.0 625,Herren,28,L,blue metallic / desert matt,BES 3 Perf. 75 nM Smart Sys.,CAIRON T / TR / TF,"  3.199,95 € ",>10,
2023,2829372,Cairon T 2.0 625,Herren,28,XL,blue metallic / desert matt,BES 3 Perf. 75 nM Smart Sys.,CAIRON T / TR / TF,"  3.199,95 € ",>10,
2023,2829380,Cairon T 2.0 625,Herren,28,XXL,blue metallic / desert matt,BES 3 Perf. 75 nM Smart Sys.,CAIRON T / TR / TF,"  3.199,95 € ",2,
2023,2829406,Cairon T 2.0 625,Trapez,28,S,blue metallic / desert matt,BES 3 Perf. 75 nM Smart Sys.,CAIRON T / TR / TF,"  3.199,95 € ",9,
2023,2829414,Cairon T 2.0 625,Trapez,28,M,blue metallic / desert matt,BES 3 Perf. 75 nM Smart Sys.,CAIRON T / TR / TF,"  3.199,95 € ",>10,
2023,2829422,Cairon T 2.0 625,Trapez,28,L,blue metallic / desert matt,BES 3 Perf. 75 nM Smart Sys.,CAIRON T / TR / TF,"  3.199,95 € ",>10,
2023,2829430,Cairon T 2.0 625,Trapez,28,XL,blue metallic / desert matt,BES 3 Perf. 75 nM Smart Sys.,CAIRON T / TR / TF,"  3.199,95 € ",>10,
2023,2829570,Cairon T 3.0 625,Herren,28,S,anthracite / copper metallic,BES 3 CX Smart Sys.,CAIRON T / TR / TF,"  3.799,95 € ",>10,
2023,2829588,Cairon T 3.0 625,Herren,28,M,anthracite / copper metallic,BES 3 CX Smart Sys.,CAIRON T / TR / TF,"  3.799,95 € ",>10,
2023,2829596,Cairon T 3.0 625,Herren,28,L,anthracite / copper metallic,BES 3 CX Smart Sys.,CAIRON T / TR / TF,"  3.799,95 € ",>10,
2023,2829604,Cairon T 3.0 625,Herren,28,XL,anthracite / copper metallic,BES 3 CX Smart Sys.,CAIRON T / TR / TF,"  3.799,95 € ",3,
2023,2829612,Cairon T 3.0 625,Herren,28,XXL,anthracite / copper metallic,BES 3 CX Smart Sys.,CAIRON T / TR / TF,"  3.799,95 € ",3,
2023,2829620,Cairon T 3.0 625,Trapez,28,S,anthracite / copper metallic,BES 3 CX Smart Sys.,CAIRON T / TR / TF,"  3.799,95 € ",>10,
2023,2829638,Cairon T 3.0 625,Trapez,28,M,anthracite / copper metallic,BES 3 CX Smart Sys.,CAIRON T / TR / TF,"  3.799,95 € ",>10,
2023,2829646,Cairon T 3.0 625,Trapez,28,L,anthracite / copper metallic,BES 3 CX Smart Sys.,CAIRON T / TR / TF,"  3.799,95 € ",>10,
2023,2829653,Cairon T 3.0 625,Trapez,28,XL,anthracite / copper metallic,BES 3 CX Smart Sys.,CAIRON T / TR / TF,"  3.799,95 € ",>10,
2023,2829786,Cairon T 3.0 750,Herren,28,S,shadowgrey metallic matt / black metallic matt,BES 3 CX Smart Sys.,CAIRON T / TR / TF,"  3.999,95 € ",>10,
2023,2829836,Cairon T 3.0 750,Trapez,28,S,shadowgrey metallic matt / black metallic matt,BES 3 CX Smart Sys.,CAIRON T / TR / TF,"  3.999,95 € ",>10,
2023,2829844,Cairon T 3.0 750,Trapez,28,M,shadowgrey metallic matt / black metallic matt,BES 3 CX Smart Sys.,CAIRON T / TR / TF,"  3.999,95 € ",10,
2023,2829851,Cairon T 3.0 750,Trapez,28,L,shadowgrey metallic matt / black metallic matt,BES 3 CX Smart Sys.,CAIRON T / TR / TF,"  3.999,95 € ",6,
2023,2829869,Cairon T 3.0 750,Trapez,28,XL,shadowgrey metallic matt / black metallic matt,BES 3 CX Smart Sys.,CAIRON T / TR / TF,"  3.999,95 € ",6,
2023,2829885,Cairon T 3.0 750,Wave,28,M,shadowgrey metallic matt / black metallic matt,BES 3 CX Smart Sys.,CAIRON T / TR / TF,"  3.999,95 € ",>10,
2023,2829893,Cairon T 3.0 750,Wave,28,L,shadowgrey metallic matt / black metallic matt,BES 3 CX Smart Sys.,CAIRON T / TR / TF,"  3.999,95 € ",1,
2023,2830008,Cairon T 5.0,Herren,28,S,shadowgrey metallic matt / bronze metallic,BES 3 CX Smart Sys.,CAIRON T / TR / TF,"  4.299,95 € ",>10,
2023,2830016,Cairon T 5.0,Herren,28,M,shadowgrey metallic matt / bronze metallic,BES 3 CX Smart Sys.,CAIRON T / TR / TF,"  4.299,95 € ",>10,
2023,2830024,Cairon T 5.0,Herren,28,L,shadowgrey metallic matt / bronze metallic,BES 3 CX Smart Sys.,CAIRON T / TR / TF,"  4.299,95 € ",>10,
2023,2830032,Cairon T 5.0,Herren,28,XL,shadowgrey metallic matt / bronze metallic,BES 3 CX Smart Sys.,CAIRON T / TR / TF,"  4.299,95 € ",>10,
2023,2830057,Cairon T 5.0,Trapez,28,S,shadowgrey metallic matt / bronze metallic,BES 3 CX Smart Sys.,CAIRON T / TR / TF,"  4.299,95 € ",>10,
2023,2830065,Cairon T 5.0,Trapez,28,M,shadowgrey metallic matt / bronze metallic,BES 3 CX Smart Sys.,CAIRON T / TR / TF,"  4.299,95 € ",>10,
2023,2830073,Cairon T 5.0,Trapez,28,L,shadowgrey metallic matt / bronze metallic,BES 3 CX Smart Sys.,CAIRON T / TR / TF,"  4.299,95 € ",>10,
2023,2830446,Cairon T 6.0,Trapez,28,XL,black metallic / gold metallic matt,BES 3 CX Smart Sys.,CAIRON T / TR / TF,"  4.699,95 € ",2,
2023,2830495,Cairon T 6.0,Wave,28,M,black metallic / gold metallic matt,BES 3 CX Smart Sys.,CAIRON T / TR / TF,"  4.699,95 € ",4,
2023,2831691,GRV 10.0,Herren,28,S,red metallic / black metallic,,GRV,"  2.999,95 € ",>10,
2023,2831709,GRV 10.0,Herren,28,M,red metallic / black metallic,,GRV,"  2.999,95 € ",>10,
2023,2831766,GRV 10.0,Herren,28,L,red metallic / black metallic,,GRV,"  2.999,95 € ",>10,
2023,2831774,GRV 10.0,Herren,28,XL,red metallic / black metallic,,GRV,"  2.999,95 € ",1,
2023,2897478,GRV 3.0,Herren,28,M,red metallic / black metallic,,GRV,"  1.599,95 € ",>10,
2023,2897486,GRV 3.0,Herren,28,L,red metallic / black metallic,,GRV,"  1.599,95 € ",>10,
2023,2897510,GRV 4.0 C,Herren,28,M,grey matt / black metallic,,GRV,"  1.599,95 € ",>10,
2023,2897536,GRV 4.0 C,Herren,28,XL,grey matt / black metallic,,GRV,"  1.599,95 € ",>10,
2023,2897551,GRV 5.0 C,Herren,28,M,army matt / black metallic,,GRV,"  1.799,95 € ",>10,
2023,2890218,MS 240 rigid,Kid,24,28,pearl white / mint,,Kids,"  379,95 € ",>10,
2023,2890259,MS 260 rigid,Kid,26,31,black metallic / red,,Kids,"  399,95 € ",>10,
2023,2890267,MS 260 rigid,Kid,26,38,tuquoise metallic / black,,Kids,"  399,95 € ",>10,
2023,2890275,MS 260 rigid,Kid,26,38,black metallic / red,,Kids,"  399,95 € ",>10,
2023,2821981,RLC 2.9,Herren,29,M,blue metallic / topaz metallic,,RLC/RLC FS,"  1.999,95 € ",>10,
2023,2821999,RLC 2.9,Herren,29,L,blue metallic / topaz metallic,,RLC/RLC FS,"  1.999,95 € ",>10,
2023,2822054,RLC 4.9,Herren,29,S,red metallic / black metallic,,RLC/RLC FS,"  2.199,95 € ",8,
2023,2822062,RLC 4.9,Herren,29,M,red metallic / black metallic,,RLC/RLC FS,"  2.199,95 € ",>10,
2023,2822070,RLC 4.9,Herren,29,L,red metallic / black metallic,,RLC/RLC FS,"  2.199,95 € ",>10,
2023,2822088,RLC 4.9,Herren,29,XL,red metallic / black metallic,,RLC/RLC FS,"  2.199,95 € ",>10,
2023,2822237,RLC 6.9,Herren,29,M,bronze metallic matt / black metallic,,RLC/RLC FS,"  2.499,95 € ",>10,
2023,2822245,RLC 6.9,Herren,29,L,bronze metallic matt / black metallic,,RLC/RLC FS,"  2.499,95 € ",>10,
2023,2822500,RLC FS 4.9,Herren,29,S,red metallic / black metallic,,RLC/RLC FS,"  3.299,95 € ",>10,
2023,2822518,RLC FS 4.9,Herren,29,M,red metallic / black metallic,,RLC/RLC FS,"  3.299,95 € ",>10,
2023,2822526,RLC FS 4.9,Herren,29,L,red metallic / black metallic,,RLC/RLC FS,"  3.299,95 € ",>10,
2023,2822534,RLC FS 4.9,Herren,29,XL,red metallic / black metallic,,RLC/RLC FS,"  3.299,95 € ",6,
2023,2822542,RLC FS 6.9,Herren,29,S,bronze metallic matt / black metallic,,RLC/RLC FS,"  3.499,95 € ",>10,
2023,2822575,RLC FS 6.9,Herren,29,XL,bronze metallic matt / black metallic,,RLC/RLC FS,"  3.499,95 € ",>10,
2023,2822583,RLC FS 6.9,Herren,29,S,topaz metallic fade / red,,RLC/RLC FS,"  3.499,95 € ",>10,
2023,2822591,RLC FS 6.9,Herren,29,M,topaz metallic fade / red,,RLC/RLC FS,"  3.499,95 € ",>10,
2023,2822609,RLC FS 6.9,Herren,29,L,topaz metallic fade / red,,RLC/RLC FS,"  3.499,95 € ",>10,
2023,2822617,RLC FS 6.9,Herren,29,XL,topaz metallic fade / red,,RLC/RLC FS,"  3.499,95 € ",7,
2023,2822625,RLC FS 7.9,Herren,29,S,anthracite matt / black metallic,,RLC/RLC FS,"  4.699,95 € ",10,
2023,2822633,RLC FS 7.9,Herren,29,M,anthracite matt / black metallic,,RLC/RLC FS,"  4.699,95 € ",>10,
2023,2822641,RLC FS 7.9,Herren,29,L,anthracite matt / black metallic,,RLC/RLC FS,"  4.699,95 € ",9,
2023,2831964,RR 10.0,Herren,28,XL,red metallic / black metallic,,RR,"  1.999,95 € ",1,
2023,2822716,WME 2.7,Herren,27,M,moos metallic matt / chrome,,WME,"  3.199,95 € ",>10,
2023,2822724,WME 2.7,Herren,27,L,moos metallic matt / chrome,,WME,"  3.199,95 € ",>10,
2023,2822823,WME 3.9,Herren,29,S,red metallic / black metallic,,WME,"  3.199,95 € ",>10,
2023,2822831,WME 3.9,Herren,29,M,red metallic / black metallic,,WME,"  3.199,95 € ",>10,
2023,2822849,WME 3.9,Herren,29,L,red metallic / black metallic,,WME,"  3.199,95 € ",>10,
2023,2822856,WME 3.9,Herren,29,XL,red metallic / black metallic,,WME,"  3.199,95 € ",>10,
2023,2822864,WME 5.9,Herren,29,S,graphite fade / acid metallic,,WME,"  3.499,95 € ",>10,
2023,2822872,WME 5.9,Herren,29,M,graphite fade / acid metallic,,WME,"  3.499,95 € ",>10,
2023,2822906,WME 5.9,Herren,29,S,turquoise fade / red,,WME,"  3.499,95 € ",6,
2023,2822914,WME 5.9,Herren,29,M,turquoise fade / red,,WME,"  3.499,95 € ",7,
2023,2822948,WME 7.9,Herren,29,S,graphite fade / orange,,WME,"  3.999,95 € ",5,
2023,2822955,WME 7.9,Herren,29,M,graphite fade / orange,,WME,"  3.999,95 € ",7,
2023,2822963,WME 7.9,Herren,29,L,graphite fade / orange,,WME,"  3.999,95 € ",5,
2023,2822971,WME 7.9,Herren,29,XL,graphite fade / orange,,WME,"  3.999,95 € ",2,
2023,2826642,Xyron S 2.9 625 Wh,FS,29,M,topaz metallic / red metallic,BES 3 CX Smart Sys.,XYRON S,"  4.499,95 € ",5,
2023,2826659,Xyron S 2.9 625 Wh,FS,29,L,topaz metallic / red metallic,BES 3 CX Smart Sys.,XYRON S,"  4.499,95 € ",8,
2023,2826667,Xyron S 2.9 625 Wh,FS,29,XL,topaz metallic / red metallic,BES 3 CX Smart Sys.,XYRON S,"  4.499,95 € ",>10,
2023,2826675,Xyron S 2.9 625 Wh,FS,29,XXL,topaz metallic / red metallic,BES 3 CX Smart Sys.,XYRON S,"  4.499,95 € ",>10,
2023,2826495,Xyron S 2.9 750 Wh,FS,29,M,shadowgrey metallic / desert matt,BES 3 CX Smart Sys.,XYRON S,"  4.699,95 € ",>10,
2023,2826496,Xyron S 2.9 750 Wh,FS,29,L,shadowgrey metallic / desert matt,BES 3 CX Smart Sys.,XYRON S,"  4.699,95 € ",>10,
2023,2826503,Xyron S 2.9 750 Wh,FS,29,M,topaz metallic / red metallic,BES 3 CX Smart Sys.,XYRON S,"  4.699,95 € ",>10,
2023,2826504,Xyron S 2.9 750 Wh,FS,29,L,topaz metallic / red metallic,BES 3 CX Smart Sys.,XYRON S,"  4.699,95 € ",>10,
2023,2826505,Xyron S 2.9 750 Wh,FS,29,XL,topaz metallic / red metallic,BES 3 CX Smart Sys.,XYRON S,"  4.699,95 € ",7,
2023,2826790,Xyron S 3.9,FS,29,M,blue metallic / orange metallic,BES 3 CX Smart Sys.,XYRON S,"  4.999,95 € ",>10,
2023,2826881,Xyron S 4.9,FS,29,S,anthracite / black metallic,BES 3 CX Smart Sys.,XYRON S,"  5.299,95 € ",>10,
2023,2826899,Xyron S 4.9,FS,29,M,anthracite / black metallic,BES 3 CX Smart Sys.,XYRON S,"  5.299,95 € ",4,
2023,2826964,Xyron S 4.9,FS,29,S,blue metallic fade/ bronze metallic,BES 3 CX Smart Sys.,XYRON S,"  5.299,95 € ",>10,
2023,2827095,Xyron S 5.9,FS,29,S,aluminium raw matt / black metallic,BES 3 CX Smart Sys.,XYRON S,"  5.999,95 € ",>10,
2023,2827301,Xyron S 7.9 Carbon/Alu,FS,29,S,carbon raw matt / black metallic,BES 3 CX Smart Sys.,XYRON S,"  5.999,95 € ",>10,
2023,2827483,Xyron S 8.9 Carbon,FS,29,S,red metallic fade / black metallic,BES 3 CX Smart Sys.,XYRON S,"  6.999,95 € ",1,
2023,2827640,Xyron S 8.9 Carbon,FS,29,S,shadowgrey metallic / desert matt,BES 3 CX Smart Sys.,XYRON S,"  6.999,95 € ",8,
2023,2827657,Xyron S 8.9 Carbon,FS,29,M,shadowgrey metallic / desert matt,BES 3 CX Smart Sys.,XYRON S,"  6.999,95 € ",>10,
2023,2827756,Xyron S 9.9 Carbon,FS,29,S,blue metallic fade / bronze,BES 3 CX Smart Sys.,XYRON S,"  9.999,95 € ",>10,
2023,2827764,Xyron S 9.9 Carbon,FS,29,M,blue metallic fade / bronze,BES 3 CX Smart Sys.,XYRON S,"  9.999,95 € ",>10,
2023,2827772,Xyron S 9.9 Carbon,FS,29,L,blue metallic fade / bronze,BES 3 CX Smart Sys.,XYRON S,"  9.999,95 € ",>10,
2023,2827780,Xyron S 9.9 Carbon,FS,29,XL,blue metallic fade / bronze,BES 3 CX Smart Sys.,XYRON S,"  9.999,95 € ",>10,
2023,2827798,Xyron S 9.9 Carbon,FS,29,XXL,blue metallic fade / bronze,BES 3 CX Smart Sys.,XYRON S,"  9.999,95 € ",1,
2023,2825180,Xyron SUV 2.9,SUV FS,29,M,black metallic / desert metallic,BES 3 CX Smart Sys.,XYRON SUV,"  4.699,95 € ",>10,
2023,2825271,Xyron SUV 4.9,SUV FS,29,M,shadowgrey metallic / red metallic,BES 3 CX Smart Sys.,XYRON SUV,"  5.299,95 € ",>10,
2023,2825362,Xyron SUV 4.9,SUV FS,29,M,anthracite matt / black metallic,BES 3 CX Smart Sys.,XYRON SUV,"  5.299,95 € ",6,
2023,2825404,Xyron SUV 6.9,SUV FS,29,S,blue metallic / bronze metallic,BES 3 CX Smart Sys.,XYRON SUV,"  5.799,95 € ",>10,
2024,2830079,Ryvon LT 10.0,FS,29,S,bronze metallic matt / orange,BES 4 SX Smart Sys.,RYVON,"  9.999,95 € ",>10,
2024,2830080,Ryvon LT 10.0,FS,29,M,bronze metallic matt / orange,BES 4 SX Smart Sys.,RYVON,"  9.999,95 € ",9,
2024,2830082,Ryvon LT 10.0,FS,29,L,bronze metallic matt / orange,BES 4 SX Smart Sys.,RYVON,"  9.999,95 € ",>10,
2024,2830083,Ryvon LT 10.0,FS,29,XL,bronze metallic matt / orange,BES 4 SX Smart Sys.,RYVON,"  9.999,95 € ",>10,
2024,2830075,Ryvon LT 4.0,FS,29,S,carbon / silver,BES 4 SX Smart Sys.,RYVON,"  6.499,95 € ",>10,
2024,2830076,Ryvon LT 4.0,FS,29,M,carbon / silver,BES 4 SX Smart Sys.,RYVON,"  6.499,95 € ",>10,
2024,2830077,Ryvon LT 4.0,FS,29,L,carbon / silver,BES 4 SX Smart Sys.,RYVON,"  6.499,95 € ",>10,
2024,2830078,Ryvon LT 4.0,FS,29,XL,carbon / silver,BES 4 SX Smart Sys.,RYVON,"  6.499,95 € ",>10,
2024,2830070,Ryvon ST 10.0,FS,29,S,desert matt / meadow green,BES 4 SX Smart Sys.,RYVON,"  9.499,95 € ",1,
2024,2830071,Ryvon ST 10.0,FS,29,M,desert matt / meadow green,BES 4 SX Smart Sys.,RYVON,"  9.499,95 € ",>10,
2024,2830072,Ryvon ST 10.0,FS,29,L,desert matt / meadow green,BES 4 SX Smart Sys.,RYVON,"  9.499,95 € ",3,
2024,2830074,Ryvon ST 10.0,FS,29,XL,desert matt / meadow green,BES 4 SX Smart Sys.,RYVON,"  9.499,95 € ",4,
2024,2830066,Ryvon ST 4.0,FS,29,S,carbon matt / black,BES 4 SX Smart Sys.,RYVON,"  5.999,95 € ",2,
2024,2830067,Ryvon ST 4.0,FS,29,M,carbon matt / black,BES 4 SX Smart Sys.,RYVON,"  5.999,95 € ",>10,
2024,2830068,Ryvon ST 4.0,FS,29,L,carbon matt / black,BES 4 SX Smart Sys.,RYVON,"  5.999,95 € ",>10,
2024,2890283,MS 260 FG,Kid,26,31,tuquoise metallic / black,,Kids,"  399,95 € ",>10,
2024,2890309,MS 260 FG,Kid,26,38,tuquoise metallic / black,,Kids,"  399,95 € ",>10,
2022,2891257,MC 5.9,Herren,29,M,darkblue metallic / acid metallic,,MS/MC/ML/MCL,"  999,95 € ",>10,
2022,2891265,MC 5.9,Herren,29,L,darkblue metallic / acid metallic,,MS/MC/ML/MCL,"  999,95 € ",>10,
2022,2891273,MC 5.9,Herren,29,XL,darkblue metallic / acid metallic,,MS/MC/ML/MCL,"  999,95 € ",>10,
2022,2891299,MC 5.9,Herren,29,M,black metallic / silver matt,,MS/MC/ML/MCL,"  999,95 € ",>10,
2022,2891307,MC 5.9,Herren,29,L,black metallic / silver matt,,MS/MC/ML/MCL,"  999,95 € ",>10,
2022,2891315,MC 5.9,Herren,29,XL,black metallic / silver matt,,MS/MC/ML/MCL,"  999,95 € ",>10,
2025,2810472,Razz 4.0,Herren,29,S,olive matt / black matt,,RAZZ,"  599,95 € ",>10,
2025,2810482,Razz 5.0,Herren,29,S,rustred matt / black matt,,RAZZ,"  799,95 € ",3,
2025,2810483,Razz 5.0,Herren,29,M,rustred matt / black matt,,RAZZ,"  799,95 € ",6,
2025,2810484,Razz 5.0,Herren,29,L,rustred matt / black matt,,RAZZ,"  799,95 € ",6,
2025,2810487,Razz 5.0,Herren,29,S,dark teal matt / black matt,,RAZZ,"  799,95 € ",8,
2025,2810488,Razz 5.0,Herren,29,M,dark teal matt / black matt,,RAZZ,"  799,95 € ",7,
2025,2810491,Razz 8.0,Herren,29,S,bronze matt / black matt,,RAZZ,"  899,95 € ",1,
2025,2810492,Razz 8.0,Herren,29,M,bronze matt / black matt,,RAZZ,"  899,95 € ",3,
2025,2810493,Razz 8.0,Herren,29,L,bronze matt / black matt,,RAZZ,"  899,95 € ",4,
2025,2810494,Razz 8.0,Herren,29,XL,bronze matt / black matt,,RAZZ,"  899,95 € ",1,
2025,2810495,Razz 8.0,Herren,29,S,anthracite matt / black matt,,RAZZ,"  899,95 € ",1,
2025,2810498,Razz 8.0,Herren,29,XL,anthracite matt / black matt,,RAZZ,"  899,95 € ",4,
2025,2810503,Razz 9.0,Herren,29,S,desert matt / black matt,,RAZZ,"  999,95 € ",5,
2025,2810098,Cairon C FS 2.0,Wave,27,L,graphit grey matt,BES 3 CX Smart Sys.,CAIRON C FS,"  4.199,95 € ",>10,
2025,2810099,Cairon C FS 2.0,Wave,27,XL,graphit grey matt,BES 3 CX Smart Sys.,CAIRON C FS,"  4.199,95 € ",>10,
2025,2810367,Cairon C FS 2.0,Wave,27,L,rustred,BES 3 CX Smart Sys.,CAIRON C FS,"  4.199,95 € ",>10,
2025,2810371,Cairon C FS 2.0,Wave,27,L,mint matt,BES 3 CX Smart Sys.,CAIRON C FS,"  4.199,95 € ",>10,
2025,2810373,Cairon C FS 2.0,Wave,27,XL,mint matt,BES 3 CX Smart Sys.,CAIRON C FS,"  4.199,95 € ",>10,
2025,2810151,Xyron S 5.0 Carbon,Herren,29,S,desert matt / plum matt,BES 3 CX Smart Sys.,XYRON S,"  5.999,95 € ",>10,
2025,2810152,Xyron S 5.0 Carbon,Herren,29,M,desert matt / plum matt,BES 3 CX Smart Sys.,XYRON S,"  5.999,95 € ",>10,
2025,2810153,Xyron S 5.0 Carbon,Herren,29,L,desert matt / plum matt,BES 3 CX Smart Sys.,XYRON S,"  5.999,95 € ",>10,
2025,2810154,Xyron S 5.0 Carbon,Herren,29,XL,desert matt / plum matt,BES 3 CX Smart Sys.,XYRON S,"  5.999,95 € ",>10,
2025,2810155,Xyron S 5.0 Carbon,Herren,29,XXL,desert matt / plum matt,BES 3 CX Smart Sys.,XYRON S,"  5.999,95 € ",9,
2025,2810416,Xyron S 5.0 Carbon,Herren,29,S,black / bronze,BES 3 CX Smart Sys.,XYRON S,"  5.999,95 € ",6,
2025,2810417,Xyron S 5.0 Carbon,Herren,29,M,black / bronze,BES 3 CX Smart Sys.,XYRON S,"  5.999,95 € ",>10,
2025,2810419,Xyron S 5.0 Carbon,Herren,29,L,black / bronze,BES 3 CX Smart Sys.,XYRON S,"  5.999,95 € ",>10,
2025,2810420,Xyron S 5.0 Carbon,Herren,29,XL,black / bronze,BES 3 CX Smart Sys.,XYRON S,"  5.999,95 € ",>10,
2025,2810436,Cairon T 4.5,Herren,28,S,graphit grey matt,BES 3 CX Smart Sys.,CAIRON T / TR / TF,"  4.199,95 € ",>10,
2025,2810262,Cairon T 4.5,Herren,28,M,graphit grey matt,BES 3 CX Smart Sys.,CAIRON T / TR / TF,"  4.199,95 € ",>10,
2025,2810263,Cairon T 4.5,Herren,28,L,graphit grey matt,BES 3 CX Smart Sys.,CAIRON T / TR / TF,"  4.199,95 € ",>10,
2025,2810264,Cairon T 4.5,Herren,28,XL,graphit grey matt,BES 3 CX Smart Sys.,CAIRON T / TR / TF,"  4.199,95 € ",>10,
2025,2810261,Cairon T 4.5,Herren,28,S,black matt,BES 3 CX Smart Sys.,CAIRON T / TR / TF,"  4.199,95 € ",>10,
2025,2810437,Cairon T 4.5,Herren,28,M,black matt,BES 3 CX Smart Sys.,CAIRON T / TR / TF,"  4.199,95 € ",>10,
2025,2810438,Cairon T 4.5,Herren,28,L,black matt,BES 3 CX Smart Sys.,CAIRON T / TR / TF,"  4.199,95 € ",>10,
2025,2810439,Cairon T 4.5,Herren,28,XL,black matt,BES 3 CX Smart Sys.,CAIRON T / TR / TF,"  4.199,95 € ",>10,
2025,2810266,Cairon T 4.5,Wave,28,S,graphit grey matt,BES 3 CX Smart Sys.,CAIRON T / TR / TF,"  4.199,95 € ",>10,
2025,2810269,Cairon T 4.5,Wave,28,XL,graphit grey matt,BES 3 CX Smart Sys.,CAIRON T / TR / TF,"  4.199,95 € ",>10,
2025,2810440,Cairon T 4.5,Wave,28,S,mint matt,BES 3 CX Smart Sys.,CAIRON T / TR / TF,"  4.199,95 € ",>10,
2025,2810443,Cairon T 4.5,Wave,28,XL,mint matt,BES 3 CX Smart Sys.,CAIRON T / TR / TF,"  4.199,95 € ",>10,
2025,2810444,Cairon T 4.5,Wave,28,S,rustred,BES 3 CX Smart Sys.,CAIRON T / TR / TF,"  4.199,95 € ",>10,
2025,2810446,Cairon T 4.5,Wave,28,L,rustred,BES 3 CX Smart Sys.,CAIRON T / TR / TF,"  4.199,95 € ",2,
2025,2810447,Cairon T 4.5,Wave,28,XL,rustred,BES 3 CX Smart Sys.,CAIRON T / TR / TF,"  4.199,95 € ",>10,
2025,2810279,Cairon T 6.0,Herren,28,S,black matt,BES 3 CX Smart Sys.,CAIRON T / TR / TF,"  4.699,95 € ",10,
2025,2810280,Cairon T 6.0,Herren,28,M,black matt,BES 3 CX Smart Sys.,CAIRON T / TR / TF,"  4.699,95 € ",>10,
2025,2810282,Cairon T 6.0,Herren,28,L,black matt,BES 3 CX Smart Sys.,CAIRON T / TR / TF,"  4.699,95 € ",>10,
2025,2810283,Cairon T 6.0,Herren,28,XL,black matt,BES 3 CX Smart Sys.,CAIRON T / TR / TF,"  4.699,95 € ",>10,
2025,2810284,Cairon T 6.0,Wave,28,S,black matt,BES 3 CX Smart Sys.,CAIRON T / TR / TF,"  4.699,95 € ",4,
2025,2810285,Cairon T 6.0,Wave,28,M,black matt,BES 3 CX Smart Sys.,CAIRON T / TR / TF,"  4.699,95 € ",>10,
2025,2810286,Cairon T 6.0,Wave,28,L,black matt,BES 3 CX Smart Sys.,CAIRON T / TR / TF,"  4.699,95 € ",>10,
2025,2810287,Cairon T 6.0,Wave,28,XL,black matt,BES 3 CX Smart Sys.,CAIRON T / TR / TF,"  4.699,95 € ",>10,
2025,2810449,Cairon T 6.0,Wave,28,S,desert matt,BES 3 CX Smart Sys.,CAIRON T / TR / TF,"  4.699,95 € ",8,
2025,2810451,Cairon T 6.0,Wave,28,L,desert matt,BES 3 CX Smart Sys.,CAIRON T / TR / TF,"  4.699,95 € ",>10,
2025,2810452,Cairon T 6.0,Wave,28,XL,desert matt,BES 3 CX Smart Sys.,CAIRON T / TR / TF,"  4.699,95 € ",>10,
2025,2810463,eWME 2.0,Herren,29,S,bronze matt,Shimano EP8,eWME,"  3.999,95 € ",1,
2025,2810467,eWME 2.0,Herren,29,S,alu raw matt,Shimano EP8,eWME,"  3.999,95 € ",8,
2025,2810468,eWME 2.0,Herren,29,M,alu raw matt,Shimano EP8,eWME,"  3.999,95 € ",6,
2025,2810469,eWME 2.0,Herren,29,L,alu raw matt,Shimano EP8,eWME,"  3.999,95 € ",1,
2025,2810453,Xyron S 2.9 SE,Herren,29,S,shadowgrey metallic / desert matt,BES 3 CX Smart Sys.,XYRON S,  -   € ,>10,
2025,2810459,Xyron S 2.9 SE,Herren,29,M,topaz metallic / red metallic,BES 3 CX Smart Sys.,XYRON S,  -   € ,>10,
2025,2810509,Cairon S 2.0 625 SE,Herren,29,M,black metallic matt / turquoise metallic,BES 3 CX Smart Sys.,CAIRON S,  -   € ,>10,
2025,2810510,Cairon S 2.0 625 SE,Herren,29,L,black metallic matt / turquoise metallic,BES 3 CX Smart Sys.,CAIRON S,  -   € ,>10,
2025,2810511,Cairon S 2.0 625 SE,Herren,29,XL,black metallic matt / turquoise metallic,BES 3 CX Smart Sys.,CAIRON S,  -   € ,>10,
2025,2810515,Cairon S 2.0 625 SE,Trapez,27,S,topaz metallic / red metallic,BES 3 CX Smart Sys.,CAIRON S,  -   € ,1,
2025,2810516,Cairon S 2.0 625 SE,Trapez,29,M,topaz metallic / red metallic,BES 3 CX Smart Sys.,CAIRON S,  -   € ,>10,
2025,2810517,Cairon S 2.0 625 SE,Trapez,29,L,topaz metallic / red metallic,BES 3 CX Smart Sys.,CAIRON S,  -   € ,>10,
2025,2810518,Cairon S 2.0 625 SE,Trapez,29,XL,topaz metallic / red metallic,BES 3 CX Smart Sys.,CAIRON S,  -   € ,>10,
2025,2810519,Cairon S 2.0 625 SE,Herren,27,S,shadowgrey metallic / desert matt,BES 3 CX Smart Sys.,CAIRON S,  -   € ,>10,
2025,2810520,Cairon S 2.0 625 SE,Herren,29,M,shadowgrey metallic / desert matt,BES 3 CX Smart Sys.,CAIRON S,  -   € ,>10,
2025,2810522,Cairon S 2.0 625 SE,Herren,29,L,shadowgrey metallic / desert matt,BES 3 CX Smart Sys.,CAIRON S,  -   € ,>10,
2025,2810523,Cairon S 2.0 625 SE,Herren,29,XL,shadowgrey metallic / desert matt,BES 3 CX Smart Sys.,CAIRON S,  -   € ,>10,
2025,2810524,Cairon S 2.0 625 SE,Herren,29,XXL,shadowgrey metallic / desert matt,BES 3 CX Smart Sys.,CAIRON S,  -   € ,>10,
2025,2810526,Cairon S 2.0 625 SE,Trapez,27,S,shadowgrey metallic / desert matt,BES 3 CX Smart Sys.,CAIRON S,  -   € ,>10,
2025,2810527,Cairon S 2.0 625 SE,Trapez,29,M,shadowgrey metallic / desert matt,BES 3 CX Smart Sys.,CAIRON S,  -   € ,>10,
2025,2810528,Cairon S 2.0 625 SE,Trapez,29,L,shadowgrey metallic / desert matt,BES 3 CX Smart Sys.,CAIRON S,  -   € ,>10,
2025,2810529,Cairon S 2.0 625 SE,Trapez,29,XL,shadowgrey metallic / desert matt,BES 3 CX Smart Sys.,CAIRON S,  -   € ,>10,
2025,2810531,Cairon T 2.0 625 SE,Herren,28,M,shadowgrey metallic matt / red metallic,BES 3 Perf. 75 nM Smart Sys.,CAIRON T / TR / TF,  -   € ,>10,
2025,2810532,Cairon T 2.0 625 SE,Herren,28,L,shadowgrey metallic matt / red metallic,BES 3 Perf. 75 nM Smart Sys.,CAIRON T / TR / TF,  -   € ,>10,
2025,2810533,Cairon T 2.0 625 SE,Herren,28,XL,shadowgrey metallic matt / red metallic,BES 3 Perf. 75 nM Smart Sys.,CAIRON T / TR / TF,  -   € ,>10,
2025,2810534,Cairon T 2.0 625 SE,Herren,28,XXL,shadowgrey metallic matt / red metallic,BES 3 Perf. 75 nM Smart Sys.,CAIRON T / TR / TF,  -   € ,>10,
2025,2810535,Cairon T 2.0 625 SE,Trapez,28,XS,shadowgrey metallic matt / red metallic,BES 3 Perf. 75 nM Smart Sys.,CAIRON T / TR / TF,  -   € ,>10,
2025,2810536,Cairon T 2.0 625 SE,Trapez,28,S,shadowgrey metallic matt / red metallic,BES 3 Perf. 75 nM Smart Sys.,CAIRON T / TR / TF,  -   € ,>10,
2025,2810537,Cairon T 2.0 625 SE,Trapez,28,M,shadowgrey metallic matt / red metallic,BES 3 Perf. 75 nM Smart Sys.,CAIRON T / TR / TF,  -   € ,>10,
2025,2810538,Cairon T 2.0 625 SE,Trapez,28,L,shadowgrey metallic matt / red metallic,BES 3 Perf. 75 nM Smart Sys.,CAIRON T / TR / TF,  -   € ,>10,
2025,2810540,Cairon T 2.0 625 SE,Trapez,28,XL,shadowgrey metallic matt / red metallic,BES 3 Perf. 75 nM Smart Sys.,CAIRON T / TR / TF,  -   € ,>10,
2025,2810546,Cairon T 3.0 750 SE,Herren,28,S,shadowgrey metallic matt / black metallic matt,BES 3 CX Smart Sys.,CAIRON T / TR / TF,  -   € ,8,
2025,2810548,Cairon T 3.0 750 SE,Herren,28,M,shadowgrey metallic matt / black metallic matt,BES 3 CX Smart Sys.,CAIRON T / TR / TF,  -   € ,>10,
2025,2810549,Cairon T 3.0 750 SE,Herren,28,L,shadowgrey metallic matt / black metallic matt,BES 3 CX Smart Sys.,CAIRON T / TR / TF,  -   € ,>10,
2025,2810550,Cairon T 3.0 750 SE,Herren,28,XL,shadowgrey metallic matt / black metallic matt,BES 3 CX Smart Sys.,CAIRON T / TR / TF,  -   € ,3,
2025,2810552,Cairon T 3.0 750 SE,Trapez,28,S,shadowgrey metallic matt / black metallic matt,BES 3 CX Smart Sys.,CAIRON T / TR / TF,  -   € ,>10,
2025,2810553,Cairon T 3.0 750 SE,Trapez,28,M,shadowgrey metallic matt / black metallic matt,BES 3 CX Smart Sys.,CAIRON T / TR / TF,  -   € ,>10,
2025,2810554,Cairon T 3.0 750 SE,Trapez,28,L,shadowgrey metallic matt / black metallic matt,BES 3 CX Smart Sys.,CAIRON T / TR / TF,  -   € ,>10,
2025,2810555,Cairon T 3.0 750 SE,Trapez,28,XL,shadowgrey metallic matt / black metallic matt,BES 3 CX Smart Sys.,CAIRON T / TR / TF,  -   € ,>10,
2025,2810556,Cairon T 3.0 750 SE,Wave,28,S,shadowgrey metallic matt / black metallic matt,BES 3 CX Smart Sys.,CAIRON T / TR / TF,  -   € ,>10,
2025,2810557,Cairon T 3.0 750 SE,Wave,28,M,shadowgrey metallic matt / black metallic matt,BES 3 CX Smart Sys.,CAIRON T / TR / TF,  -   € ,>10,
2025,2810558,Cairon T 3.0 750 SE,Wave,28,L,shadowgrey metallic matt / black metallic matt,BES 3 CX Smart Sys.,CAIRON T / TR / TF,  -   € ,>10,
2025,2810559,Cairon T 3.0 750 SE,Wave,28,XL,shadowgrey metallic matt / black metallic matt,BES 3 CX Smart Sys.,CAIRON T / TR / TF,  -   € ,>10,
2025,2810591,Cairon SUV 4.0,Herren,29,S,black matt / silver matt,BES 3 CX Smart Sys.,CAIRON SUV,"  3.999,95 € ",>10,
2025,2810592,Cairon SUV 4.0,Herren,29,M,black matt / silver matt,BES 3 CX Smart Sys.,CAIRON SUV,"  3.999,95 € ",>10,
2025,2810593,Cairon SUV 4.0,Herren,29,L,black matt / silver matt,BES 3 CX Smart Sys.,CAIRON SUV,"  3.999,95 € ",>10,
2025,2810594,Cairon SUV 4.0,Herren,29,XL,black matt / silver matt,BES 3 CX Smart Sys.,CAIRON SUV,"  3.999,95 € ",>10,
2025,2810596,Cairon SUV 4.0,Trapez,29,S,black matt / silver matt,BES 3 CX Smart Sys.,CAIRON SUV,"  3.999,95 € ",2,
2025,2810598,Cairon SUV 4.0,Trapez,29,L,black matt / silver matt,BES 3 CX Smart Sys.,CAIRON SUV,"  3.999,95 € ",>10,
2025,2810599,Cairon SUV 4.0,Trapez,29,XL,black matt / silver matt,BES 3 CX Smart Sys.,CAIRON SUV,"  3.999,95 € ",>10,
2025,2879369,Cairon 529 SE,Herren,29,M,black matt / silver matt,BES 4 SX Smart Sys.,CAIRON S,"  2.999,95 € ",5,
2025,2879351,Cairon 529 SE,Herren,29,S,black matt / silver matt,BES 4 SX Smart Sys.,CAIRON S,"  1.838,95 € ",3,